t,prec,rec
0.01,0.000104552,1
0.05,0.002087975,1
0.1,0.002113531,1
0.3,0.022642336,1
0.5,1,1
0.7,1,1
0.9,1,1
0.95,1,1
0.99,1,1
